#Release 14.7 - par P.20131013 (nt)
#Copyright (c) 1995-2013 Xilinx, Inc.  All rights reserved.

#Thu Nov 12 10:40:45 2020

#
## NOTE: This file is designed to be imported into a spreadsheet program
# such as Microsoft Excel for viewing, printing and sorting. The |
# character is used as the data field separator. This file is also designed
# to support parsing.
#
#INPUT FILE:       FPGA_TOP_map.ncd
#OUTPUT FILE:      FPGA_TOP_pad.csv
#PART TYPE:        xc6slx45
#SPEED GRADE:      -2
#PACKAGE:          fgg484
#
# Pinout by Pin Number:
# 
# -----,-----,-----,-----,-----,-----,-----,-----,-----,-----,-----,-----,-----,-----,-----,
Pin Number,Signal Name,Pin Usage,Pin Name,Direction,IO Standard,IO Bank Number,Drive (mA),Slew Rate,Termination,IOB Delay,Voltage,Constraint,IO Register,Signal Integrity,
A1,,,GND,,,,,,,,,,,,
A2,,IOBM,IO_L83P_3,UNUSED,,3,,,,,,,,,
A3,,IOBM,IO_L1P_HSWAPEN_0,UNUSED,,0,,,,,,,,,
A4,,IOBS,IO_L1N_VREF_0,UNUSED,,0,,,,,,,,,
A5,,IOBS,IO_L2N_0,UNUSED,,0,,,,,,,,,
A6,,IOBS,IO_L4N_0,UNUSED,,0,,,,,,,,,
A7,,IOBS,IO_L5N_0,UNUSED,,0,,,,,,,,,
A8,,IOBS,IO_L6N_0,UNUSED,,0,,,,,,,,,
A9,,IOBS,IO_L8N_VREF_0,UNUSED,,0,,,,,,,,,
A10,,IOBS,IO_L34N_GCLK18_0,UNUSED,,0,,,,,,,,,
A11,,IOBS,IO_L35N_GCLK16_0,UNUSED,,0,,,,,,,,,
A12,,IOBS,IO_L37N_GCLK12_0,UNUSED,,0,,,,,,,,,
A13,,IOBS,IO_L38N_VREF_0,UNUSED,,0,,,,,,,,,
A14,,IOBS,IO_L50N_0,UNUSED,,0,,,,,,,,,
A15,,IOBS,IO_L51N_0,UNUSED,,0,,,,,,,,,
A16,,IOBS,IO_L63N_SCP6_0,UNUSED,,0,,,,,,,,,
A17,,IOBS,IO_L64N_SCP4_0,UNUSED,,0,,,,,,,,,
A18,,IOBS,IO_L65N_SCP2_0,UNUSED,,0,,,,,,,,,
A19,,,TDO,,,,,,,,,,,,
A20,,IOBM,IO_L20P_1,UNUSED,,1,,,,,,,,,
A21,,IOBS,IO_L20N_1,UNUSED,,1,,,,,,,,,
A22,,,GND,,,,,,,,,,,,
AA1,,,PROGRAM_B_2,,,,,,,,,,,,
AA2,,IOBM,IO_L64P_D8_2,UNUSED,,2,,,,,,,,,
AA3,,,VCCO_2,,,2,,,,,any******,,,,
AA4,,IOBM,IO_L57P_2,UNUSED,,2,,,,,,,,,
AA5,,,GND,,,,,,,,,,,,
AA6,,IOBM,IO_L49P_D3_2,UNUSED,,2,,,,,,,,,
AA7,,,VCCO_2,,,2,,,,,any******,,,,
AA8,,IOBM,IO_L45P_2,UNUSED,,2,,,,,,,,,
AA9,,,GND,,,,,,,,,,,,
AA10,,IOBM,IO_L41P_2,UNUSED,,2,,,,,,,,,
AA11,,,VCCO_2,,,2,,,,,any******,,,,
AA12,,IOBM,IO_L31P_GCLK31_D14_2,UNUSED,,2,,,,,,,,,
AA13,,,GND,,,,,,,,,,,,
AA14,,IOBM,IO_L16P_2,UNUSED,,2,,,,,,,,,
AA15,,,VCCO_2,,,2,,,,,any******,,,,
AA16,,IOBM,IO_L19P_2,UNUSED,,2,,,,,,,,,
AA17,,,GND,,,,,,,,,,,,
AA18,,IOBM,IO_L14P_D11_2,UNUSED,,2,,,,,,,,,
AA19,,,VCCO_2,,,2,,,,,any******,,,,
AA20,,IOBM,IO_L3P_D0_DIN_MISO_MISO1_2,UNUSED,,2,,,,,,,,,
AA21,,IOBM,IO_L2P_CMPCLK_2,UNUSED,,2,,,,,,,,,
AA22,,IOBS,IO_L1N_M0_CMPMISO_2,UNUSED,,2,,,,,,,,,
AB1,,,GND,,,,,,,,,,,,
AB2,,IOBS,IO_L64N_D9_2,UNUSED,,2,,,,,,,,,
AB3,,IOBS,IO_L58N_2,UNUSED,,2,,,,,,,,,
AB4,,IOBS,IO_L57N_2,UNUSED,,2,,,,,,,,,
AB5,,IOBS,IO_L54N_2,UNUSED,,2,,,,,,,,,
AB6,,IOBS,IO_L49N_D4_2,UNUSED,,2,,,,,,,,,
AB7,,IOBS,IO_L48N_RDWR_B_VREF_2,UNUSED,,2,,,,,,,,,
AB8,,IOBS,IO_L45N_2,UNUSED,,2,,,,,,,,,
AB9,,IOBS,IO_L43N_2,UNUSED,,2,,,,,,,,,
AB10,,IOBS,IO_L41N_VREF_2,UNUSED,,2,,,,,,,,,
AB11,,IOBS,IO_L32N_GCLK28_2,UNUSED,,2,,,,,,,,,
AB12,,IOBS,IO_L31N_GCLK30_D15_2,UNUSED,,2,,,,,,,,,
AB13,,IOBS,IO_L30N_GCLK0_USERCCLK_2,UNUSED,,2,,,,,,,,,
AB14,,IOBS,IO_L16N_VREF_2,UNUSED,,2,,,,,,,,,
AB15,,IOBS,IO_L21N_2,UNUSED,,2,,,,,,,,,
AB16,,IOBS,IO_L19N_2,UNUSED,,2,,,,,,,,,
AB17,,IOBS,IO_L15N_2,UNUSED,,2,,,,,,,,,
AB18,,IOBS,IO_L14N_D12_2,UNUSED,,2,,,,,,,,,
AB19,,IOBS,IO_L5N_2,UNUSED,,2,,,,,,,,,
AB20,,IOBS,IO_L3N_MOSI_CSI_B_MISO0_2,UNUSED,,2,,,,,,,,,
AB21,,IOBS,IO_L2N_CMPMOSI_2,UNUSED,,2,,,,,,,,,
AB22,,,GND,,,,,,,,,,,,
B1,,IOBS,IO_L60N_3,UNUSED,,3,,,,,,,,,
B2,,IOBM,IO_L60P_3,UNUSED,,3,,,,,,,,,
B3,,IOBS,IO_L83N_VREF_3,UNUSED,,3,,,,,,,,,
B4,,,VCCO_0,,,0,,,,,3.30,,,,
B5,,,GND,,,,,,,,,,,,
B6,,IOBM,IO_L4P_0,UNUSED,,0,,,,,,,,,
B7,,,VCCO_0,,,0,,,,,3.30,,,,
B8,,IOBM,IO_L6P_0,UNUSED,,0,,,,,,,,,
B9,,,GND,,,,,,,,,,,,
B10,VALID,IOB,IO_L34P_GCLK19_0,OUTPUT,LVCMOS33,0,12,SLOW,,,,LOCATED,NO,NONE,
B11,,,VCCO_0,,,0,,,,,3.30,,,,
B12,,IOBM,IO_L37P_GCLK13_0,UNUSED,,0,,,,,,,,,
B13,,,GND,,,,,,,,,,,,
B14,,IOBM,IO_L50P_0,UNUSED,,0,,,,,,,,,
B15,,,VCCO_0,,,0,,,,,3.30,,,,
B16,,IOBM,IO_L63P_SCP7_0,UNUSED,,0,,,,,,,,,
B17,,,GND,,,,,,,,,,,,
B18,,IOBM,IO_L65P_SCP3_0,UNUSED,,0,,,,,,,,,
B19,,,VCCO_0,,,0,,,,,3.30,,,,
B20,,IOBS,IO_L1N_A24_VREF_1,UNUSED,,1,,,,,,,,,
B21,,IOBM,IO_L19P_1,UNUSED,,1,,,,,,,,,
B22,,IOBS,IO_L19N_1,UNUSED,,1,,,,,,,,,
C1,,IOBS,IO_L54N_M3A11_3,UNUSED,,3,,,,,,,,,
C2,,,VCCO_3,,,3,,,,,any******,,,,
C3,,IOBM,IO_L54P_M3RESET_3,UNUSED,,3,,,,,,,,,
C4,,IOBS,IO_L81N_3,UNUSED,,3,,,,,,,,,
C5,,IOBM,IO_L2P_0,UNUSED,,0,,,,,,,,,
C6,,IOBS,IO_L3N_0,UNUSED,,0,,,,,,,,,
C7,,IOBM,IO_L5P_0,UNUSED,,0,,,,,,,,,
C8,,IOBS,IO_L7N_0,UNUSED,,0,,,,,,,,,
C9,,IOBM,IO_L8P_0,UNUSED,,0,,,,,,,,,
C10,,IOBS,IO_L33N_0,UNUSED,,0,,,,,,,,,
C11,GCLK,IOB,IO_L35P_GCLK17_0,INPUT,LVCMOS33,0,,,,NONE,,LOCATED,NO,NONE,
C12,XRST,IOB,IO_L36N_GCLK14_0,INPUT,LVCMOS33,0,,,,NONE,,LOCATED,NO,NONE,
C13,,IOBM,IO_L38P_0,UNUSED,,0,,,,,,,,,
C14,,IOBS,IO_L49N_0,UNUSED,,0,,,,,,,,,
C15,,IOBM,IO_L51P_0,UNUSED,,0,,,,,,,,,
C16,,IOBS,IO_L62N_VREF_0,UNUSED,,0,,,,,,,,,
C17,,IOBM,IO_L64P_SCP5_0,UNUSED,,0,,,,,,,,,
C18,,,TMS,,,,,,,,,,,,
C19,,IOBM,IO_L1P_A25_1,UNUSED,,1,,,,,,,,,
C20,,IOBM,IO_L32P_A17_M1A8_1,UNUSED,,1,,,,,,,,,
C21,,,VCCO_1,,,1,,,,,any******,,,,
C22,,IOBS,IO_L32N_A16_M1A9_1,UNUSED,,1,,,,,,,,,
D1,,IOBS,IO_L53N_M3A12_3,UNUSED,,3,,,,,,,,,
D2,,IOBM,IO_L53P_M3CKE_3,UNUSED,,3,,,,,,,,,
D3,,IOBM,IO_L81P_3,UNUSED,,3,,,,,,,,,
D4,,,GND,,,,,,,,,,,,
D5,,IOBM,IO_L58P_3,UNUSED,,3,,,,,,,,,
D6,,IOBM,IO_L3P_0,UNUSED,,0,,,,,,,,,
D7,,IOBM,IO_L32P_0,UNUSED,,0,,,,,,,,,
D8,,IOBS,IO_L32N_0,UNUSED,,0,,,,,,,,,
D9,,IOBM,IO_L7P_0,UNUSED,,0,,,,,,,,,
D10,,IOBM,IO_L33P_0,UNUSED,,0,,,,,,,,,
D11,,IOBM,IO_L36P_GCLK15_0,UNUSED,,0,,,,,,,,,
D12,,,NC,,,,,,,,,,,,
D13,,,NC,,,,,,,,,,,,
D14,,IOBM,IO_L49P_0,UNUSED,,0,,,,,,,,,
D15,,IOBM,IO_L62P_0,UNUSED,,0,,,,,,,,,
D16,,,VCCAUX,,,,,,,,2.5,,,,
D17,,IOBS,IO_L66N_SCP0_0,UNUSED,,0,,,,,,,,,
D18,,,GND,,,,,,,,,,,,
D19,,IOBM,IO_L29P_A23_M1A13_1,UNUSED,,1,,,,,,,,,
D20,,IOBS,IO_L29N_A22_M1A14_1,UNUSED,,1,,,,,,,,,
D21,,IOBM,IO_L31P_A19_M1CKE_1,UNUSED,,1,,,,,,,,,
D22,,IOBS,IO_L31N_A18_M1A12_1,UNUSED,,1,,,,,,,,,
E1,,IOBS,IO_L52N_M3A9_3,UNUSED,,3,,,,,,,,,
E2,,,GND,,,,,,,,,,,,
E3,,IOBM,IO_L52P_M3A8_3,UNUSED,,3,,,,,,,,,
E4,,IOBS,IO_L58N_3,UNUSED,,3,,,,,,,,,
E5,,IOBM,IO_L82P_3,UNUSED,,3,,,,,,,,,
E6,,IOBS,IO_L82N_3,UNUSED,,3,,,,,,,,,
E7,,,GND,,,,,,,,,,,,
E8,,,NC,,,,,,,,,,,,
E9,,,VCCO_0,,,0,,,,,3.30,,,,
E10,,,NC,,,,,,,,,,,,
E11,,,GND,,,,,,,,,,,,
E12,,,NC,,,,,,,,,,,,
E13,,,VCCO_0,,,0,,,,,3.30,,,,
E14,,,NC,,,,,,,,,,,,
E15,,,GND,,,,,,,,,,,,
E16,,IOBM,IO_L66P_SCP1_0,UNUSED,,0,,,,,,,,,
E17,,,VCCO_0,,,0,,,,,3.30,,,,
E18,,,TDI,,,,,,,,,,,,
E19,,,VCCO_1,,,1,,,,,any******,,,,
E20,,IOBM,IO_L35P_A11_M1A7_1,UNUSED,,1,,,,,,,,,
E21,,,GND,,,,,,,,,,,,
E22,,IOBS,IO_L35N_A10_M1A2_1,UNUSED,,1,,,,,,,,,
F1,,IOBS,IO_L50N_M3BA2_3,UNUSED,,3,,,,,,,,,
F2,,IOBM,IO_L50P_M3WE_3,UNUSED,,3,,,,,,,,,
F3,,IOBS,IO_L51N_M3A4_3,UNUSED,,3,,,,,,,,,
F4,,,VCCO_3,,,3,,,,,any******,,,,
F5,,IOBS,IO_L55N_M3A14_3,UNUSED,,3,,,,,,,,,
F6,,,VCCO_3,,,3,,,,,any******,,,,
F7,,IOBS,IO_L80N_3,UNUSED,,3,,,,,,,,,
F8,,,NC,,,,,,,,,,,,
F9,,,NC,,,,,,,,,,,,
F10,,,NC,,,,,,,,,,,,
F11,,,VCCAUX,,,,,,,,2.5,,,,
F12,,,NC,,,,,,,,,,,,
F13,,,NC,,,,,,,,,,,,
F14,,,NC,,,,,,,,,,,,
F15,,,NC,,,,,,,,,,,,
F16,,IOBM,IO_L10P_1,UNUSED,,1,,,,,,,,,
F17,,IOBS,IO_L10N_1,UNUSED,,1,,,,,,,,,
F18,,IOBM,IO_L30P_A21_M1RESET_1,UNUSED,,1,,,,,,,,,
F19,,IOBS,IO_L30N_A20_M1A11_1,UNUSED,,1,,,,,,,,,
F20,,IOBS,IO_L33N_A14_M1A4_1,UNUSED,,1,,,,,,,,,
F21,,IOBM,IO_L37P_A7_M1A0_1,UNUSED,,1,,,,,,,,,
F22,,IOBS,IO_L37N_A6_M1A1_1,UNUSED,,1,,,,,,,,,
G1,,IOBS,IO_L48N_M3BA1_3,UNUSED,,3,,,,,,,,,
G2,,,VCCO_3,,,3,,,,,any******,,,,
G3,,IOBM,IO_L48P_M3BA0_3,UNUSED,,3,,,,,,,,,
G4,,IOBM,IO_L51P_M3A10_3,UNUSED,,3,,,,,,,,,
G5,,,GND,,,,,,,,,,,,
G6,,IOBM,IO_L55P_M3A13_3,UNUSED,,3,,,,,,,,,
G7,,IOBM,IO_L80P_3,UNUSED,,3,,,,,,,,,
G8,,,NC,,,,,,,,,,,,
G9,,,NC,,,,,,,,,,,,
G10,,,VCCO_0,,,0,,,,,3.30,,,,
G11,,,NC,,,,,,,,,,,,
G12,,,VCCAUX,,,,,,,,2.5,,,,
G13,,,NC,,,,,,,,,,,,
G14,,,VCCO_0,,,0,,,,,3.30,,,,
G15,,,TCK,,,,,,,,,,,,
G16,,IOBM,IO_L9P_1,UNUSED,,1,,,,,,,,,
G17,,IOBS,IO_L9N_1,UNUSED,,1,,,,,,,,,
G18,,,GND,,,,,,,,,,,,
G19,,IOBM,IO_L33P_A15_M1A10_1,UNUSED,,1,,,,,,,,,
G20,,IOBM,IO_L39P_M1A3_1,UNUSED,,1,,,,,,,,,
G21,,,VCCO_1,,,1,,,,,any******,,,,
G22,,IOBS,IO_L39N_M1ODT_1,UNUSED,,1,,,,,,,,,
H1,,IOBS,IO_L47N_M3A1_3,UNUSED,,3,,,,,,,,,
H2,,IOBM,IO_L47P_M3A0_3,UNUSED,,3,,,,,,,,,
H3,,IOBS,IO_L46N_M3CLKN_3,UNUSED,,3,,,,,,,,,
H4,,IOBM,IO_L46P_M3CLK_3,UNUSED,,3,,,,,,,,,
H5,,IOBS,IO_L49N_M3A2_3,UNUSED,,3,,,,,,,,,
H6,,IOBM,IO_L49P_M3A7_3,UNUSED,,3,,,,,,,,,
H7,,,GND,,,,,,,,,,,,
H8,,IOBS,IO_L59N_3,UNUSED,,3,,,,,,,,,
H9,,,VCCAUX,,,,,,,,2.5,,,,
H10,,,NC,,,,,,,,,,,,
H11,,,NC,,,,,,,,,,,,
H12,,,NC,,,,,,,,,,,,
H13,,,NC,,,,,,,,,,,,
H14,,,NC,,,,,,,,,,,,
H15,,,VCCAUX,,,,,,,,2.5,,,,
H16,,IOBM,IO_L28P_1,UNUSED,,1,,,,,,,,,
H17,,IOBS,IO_L28N_VREF_1,UNUSED,,1,,,,,,,,,
H18,,IOBS,IO_L34N_A12_M1BA2_1,UNUSED,,1,,,,,,,,,
H19,,IOBM,IO_L34P_A13_M1WE_1,UNUSED,,1,,,,,,,,,
H20,,IOBM,IO_L38P_A5_M1CLK_1,UNUSED,,1,,,,,,,,,
H21,,IOBM,IO_L41P_GCLK9_IRDY1_M1RASN_1,UNUSED,,1,,,,,,,,,
H22,,IOBS,IO_L41N_GCLK8_M1CASN_1,UNUSED,,1,,,,,,,,,
J1,,IOBS,IO_L41N_GCLK26_M3DQ5_3,UNUSED,,3,,,,,,,,,
J2,,,GND,,,,,,,,,,,,
J3,,IOBM,IO_L41P_GCLK27_M3DQ4_3,UNUSED,,3,,,,,,,,,
J4,,IOBS,IO_L44N_GCLK20_M3A6_3,UNUSED,,3,,,,,,,,,
J5,,,VCCO_3,,,3,,,,,any******,,,,
J6,,IOBS,IO_L45N_M3ODT_3,UNUSED,,3,,,,,,,,,
J7,,IOBM,IO_L59P_3,UNUSED,,3,,,,,,,,,
J8,,,VCCINT,,,,,,,,1.2,,,,
J9,,,GND,,,,,,,,,,,,
J10,,,VCCINT,,,,,,,,1.2,,,,
J11,,,GND,,,,,,,,,,,,
J12,,,VCCINT,,,,,,,,1.2,,,,
J13,,,GND,,,,,,,,,,,,
J14,,,VCCINT,,,,,,,,1.2,,,,
J15,,,GND,,,,,,,,,,,,
J16,,IOBS,IO_L21N_1,UNUSED,,1,,,,,,,,,
J17,,IOBM,IO_L36P_A9_M1BA0_1,UNUSED,,1,,,,,,,,,
J18,,,VCCO_1,,,1,,,,,any******,,,,
J19,,IOBS,IO_L38N_A4_M1CLKN_1,UNUSED,,1,,,,,,,,,
J20,,IOBM,IO_L43P_GCLK5_M1DQ4_1,UNUSED,,1,,,,,,,,,
J21,,,GND,,,,,,,,,,,,
J22,,IOBS,IO_L43N_GCLK4_M1DQ5_1,UNUSED,,1,,,,,,,,,
K1,,IOBS,IO_L40N_M3DQ7_3,UNUSED,,3,,,,,,,,,
K2,,IOBM,IO_L40P_M3DQ6_3,UNUSED,,3,,,,,,,,,
K3,,IOBM,IO_L44P_GCLK21_M3A5_3,UNUSED,,3,,,,,,,,,
K4,,IOBS,IO_L43N_GCLK22_IRDY2_M3CASN_3,UNUSED,,3,,,,,,,,,
K5,,IOBM,IO_L43P_GCLK23_M3RASN_3,UNUSED,,3,,,,,,,,,
K6,,IOBM,IO_L45P_M3A3_3,UNUSED,,3,,,,,,,,,
K7,,IOBM,IO_L57P_3,UNUSED,,3,,,,,,,,,
K8,,IOBS,IO_L57N_VREF_3,UNUSED,,3,,,,,,,,,
K9,,,VCCINT,,,,,,,,1.2,,,,
K10,,,GND,,,,,,,,,,,,
K11,,,VCCINT,,,,,,,,1.2,,,,
K12,,,GND,,,,,,,,,,,,
K13,,,VCCINT,,,,,,,,1.2,,,,
K14,,,GND,,,,,,,,,,,,
K15,,,VCCAUX,,,,,,,,2.5,,,,
K16,,IOBM,IO_L21P_1,UNUSED,,1,,,,,,,,,
K17,,IOBS,IO_L36N_A8_M1BA1_1,UNUSED,,1,,,,,,,,,
K18,,IOBS,IO_L61N_1,UNUSED,,1,,,,,,,,,
K19,,IOBS,IO_L40N_GCLK10_M1A6_1,UNUSED,,1,,,,,,,,,
K20,,IOBM,IO_L40P_GCLK11_M1A5_1,UNUSED,,1,,,,,,,,,
K21,,IOBM,IO_L44P_A3_M1DQ6_1,UNUSED,,1,,,,,,,,,
K22,,IOBS,IO_L44N_A2_M1DQ7_1,UNUSED,,1,,,,,,,,,
L1,,IOBS,IO_L39N_M3LDQSN_3,UNUSED,,3,,,,,,,,,
L2,,,VCCO_3,,,3,,,,,any******,,,,
L3,,IOBM,IO_L39P_M3LDQS_3,UNUSED,,3,,,,,,,,,
L4,,IOBS,IO_L42N_GCLK24_M3LDM_3,UNUSED,,3,,,,,,,,,
L5,,,GND,,,,,,,,,,,,
L6,,IOBS,IO_L25N_3,UNUSED,,3,,,,,,,,,
L7,,,VCCO_3,,,3,,,,,any******,,,,
L8,,,VCCAUX,,,,,,,,2.5,,,,
L9,,,GND,,,,,,,,,,,,
L10,,,VCCINT,,,,,,,,1.2,,,,
L11,,,GND,,,,,,,,,,,,
L12,,,VCCINT,,,,,,,,1.2,,,,
L13,,,GND,,,,,,,,,,,,
L14,,,VCCINT,,,,,,,,1.2,,,,
L15,,IOBS,IO_L58N_1,UNUSED,,1,,,,,,,,,
L16,,,VCCO_1,,,1,,,,,any******,,,,
L17,,IOBM,IO_L61P_1,UNUSED,,1,,,,,,,,,
L18,,,GND,,,,,,,,,,,,
L19,,IOBS,IO_L42N_GCLK6_TRDY1_M1LDM_1,UNUSED,,1,,,,,,,,,
L20,,IOBM,IO_L45P_A1_M1LDQS_1,UNUSED,,1,,,,,,,,,
L21,,,VCCO_1,,,1,,,,,any******,,,,
L22,,IOBS,IO_L45N_A0_M1LDQSN_1,UNUSED,,1,,,,,,,,,
M1,,IOBS,IO_L38N_M3DQ3_3,UNUSED,,3,,,,,,,,,
M2,,IOBM,IO_L38P_M3DQ2_3,UNUSED,,3,,,,,,,,,
M3,,IOBM,IO_L42P_GCLK25_TRDY2_M3UDM_3,UNUSED,,3,,,,,,,,,
M4,,IOBS,IO_L31N_VREF_3,UNUSED,,3,,,,,,,,,
M5,,IOBM,IO_L31P_3,UNUSED,,3,,,,,,,,,
M6,,IOBM,IO_L25P_3,UNUSED,,3,,,,,,,,,
M7,,IOBM,IO_L23P_3,UNUSED,,3,,,,,,,,,
M8,,IOBS,IO_L23N_3,UNUSED,,3,,,,,,,,,
M9,,,VCCINT,,,,,,,,1.2,,,,
M10,,,GND,,,,,,,,,,,,
M11,,,VCCINT,,,,,,,,1.2,,,,
M12,,,GND,,,,,,,,,,,,
M13,,,VCCINT,,,,,,,,1.2,,,,
M14,,,GND,,,,,,,,,,,,
M15,,,VCCAUX,,,,,,,,2.5,,,,
M16,,IOBM,IO_L58P_1,UNUSED,,1,,,,,,,,,
M17,,IOBM,IO_L71P_1,UNUSED,,1,,,,,,,,,
M18,,IOBS,IO_L71N_1,UNUSED,,1,,,,,,,,,
M19,,IOBM,IO_L53P_1,UNUSED,,1,,,,,,,,,
M20,,IOBM,IO_L42P_GCLK7_M1UDM_1,UNUSED,,1,,,,,,,,,
M21,,IOBM,IO_L46P_FCS_B_M1DQ2_1,UNUSED,,1,,,,,,,,,
M22,,IOBS,IO_L46N_FOE_B_M1DQ3_1,UNUSED,,1,,,,,,,,,
N1,,IOBS,IO_L37N_M3DQ1_3,UNUSED,,3,,,,,,,,,
N2,,,GND,,,,,,,,,,,,
N3,,IOBM,IO_L37P_M3DQ0_3,UNUSED,,3,,,,,,,,,
N4,,IOBS,IO_L26N_3,UNUSED,,3,,,,,,,,,
N5,,,VCCO_3,,,3,,,,,any******,,,,
N6,,IOBM,IO_L11P_3,UNUSED,,3,,,,,,,,,
N7,,IOBS,IO_L11N_3,UNUSED,,3,,,,,,,,,
N8,,,VCCAUX,,,,,,,,2.5,,,,
N9,,,GND,,,,,,,,,,,,
N10,,,VCCINT,,,,,,,,1.2,,,,
N11,,,GND,,,,,,,,,,,,
N12,,,VCCINT,,,,,,,,1.2,,,,
N13,,,GND,,,,,,,,,,,,
N14,,,VCCINT,,,,,,,,1.2,,,,
N15,,,SUSPEND,,,,,,,,,,,,
N16,,IOBS,IO_L72N_1,UNUSED,,1,,,,,,,,,
N17,,,GND,,,,,,,,,,,,
N18,,,VCCO_1,,,1,,,,,any******,,,,
N19,,IOBS,IO_L53N_VREF_1,UNUSED,,1,,,,,,,,,
N20,,IOBM,IO_L47P_FWE_B_M1DQ0_1,UNUSED,,1,,,,,,,,,
N21,,,GND,,,,,,,,,,,,
N22,,IOBS,IO_L47N_LDC_M1DQ1_1,UNUSED,,1,,,,,,,,,
P1,,IOBS,IO_L36N_M3DQ9_3,UNUSED,,3,,,,,,,,,
P2,,IOBM,IO_L36P_M3DQ8_3,UNUSED,,3,,,,,,,,,
P3,,IOBM,IO_L26P_3,UNUSED,,3,,,,,,,,,
P4,,IOBS,IO_L24N_3,UNUSED,,3,,,,,,,,,
P5,,IOBS,IO_L8N_3,UNUSED,,3,,,,,,,,,
P6,,IOBM,IO_L8P_3,UNUSED,,3,,,,,,,,,
P7,,IOBS,IO_L7N_3,UNUSED,,3,,,,,,,,,
P8,,IOBM,IO_L7P_3,UNUSED,,3,,,,,,,,,
P9,,,VCCINT,,,,,,,,1.2,,,,
P10,,,GND,,,,,,,,,,,,
P11,,,VCCINT,,,,,,,,1.2,,,,
P12,,,GND,,,,,,,,,,,,
P13,,,VCCINT,,,,,,,,1.2,,,,
P14,,,GND,,,,,,,,,,,,
P15,,,NC,,,,,,,,,,,,
P16,,,NC,,,,,,,,,,,,
P17,,IOBM,IO_L72P_1,UNUSED,,1,,,,,,,,,
P18,,IOBM,IO_L73P_1,UNUSED,,1,,,,,,,,,
P19,,IOBM,IO_L59P_1,UNUSED,,1,,,,,,,,,
P20,,IOBS,IO_L59N_1,UNUSED,,1,,,,,,,,,
P21,,IOBM,IO_L48P_HDC_M1DQ8_1,UNUSED,,1,,,,,,,,,
P22,,IOBS,IO_L48N_M1DQ9_1,UNUSED,,1,,,,,,,,,
R1,,IOBS,IO_L35N_M3DQ11_3,UNUSED,,3,,,,,,,,,
R2,,,VCCO_3,,,3,,,,,any******,,,,
R3,,IOBM,IO_L35P_M3DQ10_3,UNUSED,,3,,,,,,,,,
R4,,IOBM,IO_L24P_3,UNUSED,,3,,,,,,,,,
R5,,,GND,,,,,,,,,,,,
R6,,,VCCAUX,,,,,,,,2.5,,,,
R7,,IOBS,IO_L60N_2,UNUSED,,2,,,,,,,,,
R8,,IOBS,IO_L59N_2,UNUSED,,2,,,,,,,,,
R9,,IOBM,IO_L59P_2,UNUSED,,2,,,,,,,,,
R10,,,VCCAUX,,,,,,,,2.5,,,,
R11,,IOBM,IO_L40P_2,UNUSED,,2,,,,,,,,,
R12,,,VCCAUX,,,,,,,,2.5,,,,
R13,,IOBS,IO_L23N_2,UNUSED,,2,,,,,,,,,
R14,,,VCCINT,,,,,,,,1.2,,,,
R15,,IOBS,IO_L10N_2,UNUSED,,2,,,,,,,,,
R16,,IOBM,IO_L10P_2,UNUSED,,2,,,,,,,,,
R17,,,NC,,,,,,,,,,,,
R18,,,GND,,,,,,,,,,,,
R19,,IOBS,IO_L73N_1,UNUSED,,1,,,,,,,,,
R20,,IOBM,IO_L49P_M1DQ10_1,UNUSED,,1,,,,,,,,,
R21,,,VCCO_1,,,1,,,,,any******,,,,
R22,,IOBS,IO_L49N_M1DQ11_1,UNUSED,,1,,,,,,,,,
T1,,IOBS,IO_L34N_M3UDQSN_3,UNUSED,,3,,,,,,,,,
T2,,IOBM,IO_L34P_M3UDQS_3,UNUSED,,3,,,,,,,,,
T3,,IOBS,IO_L9N_3,UNUSED,,3,,,,,,,,,
T4,,IOBM,IO_L9P_3,UNUSED,,3,,,,,,,,,
T5,,IOBS,IO_L65N_CSO_B_2,UNUSED,,2,,,,,,,,,
T6,,IOBM,IO_L65P_INIT_B_2,UNUSED,,2,,,,,,,,,
T7,,IOBM,IO_L60P_2,UNUSED,,2,,,,,,,,,
T8,,IOBM,IO_L51P_2,UNUSED,,2,,,,,,,,,
T9,,,VCCO_2,,,2,,,,,any******,,,,
T10,,IOBM,IO_L52P_2,UNUSED,,2,,,,,,,,,
T11,,IOBS,IO_L40N_2,UNUSED,,2,,,,,,,,,
T12,,IOBM,IO_L22P_2,UNUSED,,2,,,,,,,,,
T13,,,VCCO_2,,,2,,,,,any******,,,,
T14,,IOBM,IO_L23P_2,UNUSED,,2,,,,,,,,,
T15,,IOBS,IO_L7N_2,UNUSED,,2,,,,,,,,,
T16,,IOBM,IO_L7P_2,UNUSED,,2,,,,,,,,,
T17,,IOBS,IO_L4N_VREF_2,UNUSED,,2,,,,,,,,,
T18,,IOBM,IO_L4P_2,UNUSED,,2,,,,,,,,,
T19,,IOBM,IO_L74P_AWAKE_1,UNUSED,,1,,,,,,,,,
T20,,IOBS,IO_L74N_DOUT_BUSY_1,UNUSED,,1,,,,,,,,,
T21,,IOBM,IO_L50P_M1UDQS_1,UNUSED,,1,,,,,,,,,
T22,,IOBS,IO_L50N_M1UDQSN_1,UNUSED,,1,,,,,,,,,
U1,,IOBS,IO_L33N_M3DQ13_3,UNUSED,,3,,,,,,,,,
U2,,,GND,,,,,,,,,,,,
U3,,IOBM,IO_L33P_M3DQ12_3,UNUSED,,3,,,,,,,,,
U4,,IOBM,IO_L10P_3,UNUSED,,3,,,,,,,,,
U5,,,VCCO_3,,,3,,,,,any******,,,,
U6,,IOBM,IO_L63P_2,UNUSED,,2,,,,,,,,,
U7,,,GND,,,,,,,,,,,,
U8,,IOBS,IO_L51N_2,UNUSED,,2,,,,,,,,,
U9,,IOBM,IO_L50P_2,UNUSED,,2,,,,,,,,,
U10,,IOBS,IO_L52N_2,UNUSED,,2,,,,,,,,,
U11,,,VCCAUX,,,,,,,,2.5,,,,
U12,,IOBS,IO_L22N_2,UNUSED,,2,,,,,,,,,
U13,,IOBS,IO_L12N_D2_MISO3_2,UNUSED,,2,,,,,,,,,
U14,,IOBM,IO_L12P_D1_MISO2_2,UNUSED,,2,,,,,,,,,
U15,,IOBM,IO_L13P_M1_2,UNUSED,,2,,,,,,,,,
U16,,IOBS,IO_L8N_2,UNUSED,,2,,,,,,,,,
U17,,IOBM,IO_L8P_2,UNUSED,,2,,,,,,,,,
U18,,,VCCO_1,,,1,,,,,any******,,,,
U19,,IOBM,IO_L70P_1,UNUSED,,1,,,,,,,,,
U20,,IOBM,IO_L51P_M1DQ12_1,UNUSED,,1,,,,,,,,,
U21,,,GND,,,,,,,,,,,,
U22,,IOBS,IO_L51N_M1DQ13_1,UNUSED,,1,,,,,,,,,
V1,,IOBS,IO_L32N_M3DQ15_3,UNUSED,,3,,,,,,,,,
V2,,IOBM,IO_L32P_M3DQ14_3,UNUSED,,3,,,,,,,,,
V3,,IOBS,IO_L10N_3,UNUSED,,3,,,,,,,,,
V4,,,GND,,,,,,,,,,,,
V5,,IOBS,IO_L63N_2,UNUSED,,2,,,,,,,,,
V6,,,VCCAUX,,,,,,,,2.5,,,,
V7,,IOBS,IO_L46N_2,UNUSED,,2,,,,,,,,,
V8,,,VCCO_2,,,2,,,,,any******,,,,
V9,,IOBS,IO_L50N_2,UNUSED,,2,,,,,,,,,
V10,,,GND,,,,,,,,,,,,
V11,,IOBM,IO_L42P_2,UNUSED,,2,,,,,,,,,
V12,,,VCCO_2,,,2,,,,,any******,,,,
V13,,IOBM,IO_L18P_2,UNUSED,,2,,,,,,,,,
V14,,,GND,,,,,,,,,,,,
V15,,IOBS,IO_L13N_D10_2,UNUSED,,2,,,,,,,,,
V16,,,VCCO_2,,,2,,,,,any******,,,,
V17,,IOBM,IO_L11P_2,UNUSED,,2,,,,,,,,,
V18,,IOBS,IO_L9N_2,UNUSED,,2,,,,,,,,,
V19,,IOBM,IO_L9P_2,UNUSED,,2,,,,,,,,,
V20,,IOBS,IO_L70N_1,UNUSED,,1,,,,,,,,,
V21,,IOBM,IO_L52P_M1DQ14_1,UNUSED,,1,,,,,,,,,
V22,,IOBS,IO_L52N_M1DQ15_1,UNUSED,,1,,,,,,,,,
W1,,IOBS,IO_L2N_3,UNUSED,,3,,,,,,,,,
W2,,,VCCO_3,,,3,,,,,any******,,,,
W3,,IOBM,IO_L2P_3,UNUSED,,3,,,,,,,,,
W4,,IOBM,IO_L62P_D5_2,UNUSED,,2,,,,,,,,,
W5,,,VCCO_2,,,2,,,,,any******,,,,
W6,,IOBM,IO_L53P_2,UNUSED,,2,,,,,,,,,
W7,,,GND,,,,,,,,,,,,
W8,,IOBM,IO_L46P_2,UNUSED,,2,,,,,,,,,
W9,,IOBM,IO_L47P_2,UNUSED,,2,,,,,,,,,
W10,,IOBM,IO_L44P_2,UNUSED,,2,,,,,,,,,
W11,,IOBS,IO_L42N_2,UNUSED,,2,,,,,,,,,
W12,,IOBM,IO_L29P_GCLK3_2,UNUSED,,2,,,,,,,,,
W13,,IOBS,IO_L18N_2,UNUSED,,2,,,,,,,,,
W14,,IOBM,IO_L20P_2,UNUSED,,2,,,,,,,,,
W15,,IOBS,IO_L17N_2,UNUSED,,2,,,,,,,,,
W16,,,GND,,,,,,,,,,,,
W17,,IOBS,IO_L11N_2,UNUSED,,2,,,,,,,,,
W18,,IOBM,IO_L6P_2,UNUSED,,2,,,,,,,,,
W19,,,GND,,,,,,,,,,,,
W20,,IOBM,IO_L60P_1,UNUSED,,1,,,,,,,,,
W21,,,VCCO_1,,,1,,,,,any******,,,,
W22,,IOBS,IO_L60N_1,UNUSED,,1,,,,,,,,,
Y1,,IOBS,IO_L1N_VREF_3,UNUSED,,3,,,,,,,,,
Y2,,IOBM,IO_L1P_3,UNUSED,,3,,,,,,,,,
Y3,,IOBM,IO_L58P_2,UNUSED,,2,,,,,,,,,
Y4,,IOBS,IO_L62N_D6_2,UNUSED,,2,,,,,,,,,
Y5,,IOBM,IO_L54P_2,UNUSED,,2,,,,,,,,,
Y6,,IOBS,IO_L53N_2,UNUSED,,2,,,,,,,,,
Y7,,IOBM,IO_L48P_D7_2,UNUSED,,2,,,,,,,,,
Y8,,IOBS,IO_L47N_2,UNUSED,,2,,,,,,,,,
Y9,,IOBM,IO_L43P_2,UNUSED,,2,,,,,,,,,
Y10,,IOBS,IO_L44N_2,UNUSED,,2,,,,,,,,,
Y11,,IOBM,IO_L32P_GCLK29_2,UNUSED,,2,,,,,,,,,
Y12,,IOBS,IO_L29N_GCLK2_2,UNUSED,,2,,,,,,,,,
Y13,,IOBM,IO_L30P_GCLK1_D13_2,UNUSED,,2,,,,,,,,,
Y14,,IOBS,IO_L20N_2,UNUSED,,2,,,,,,,,,
Y15,,IOBM,IO_L21P_2,UNUSED,,2,,,,,,,,,
Y16,,IOBM,IO_L17P_2,UNUSED,,2,,,,,,,,,
Y17,,IOBM,IO_L15P_2,UNUSED,,2,,,,,,,,,
Y18,,IOBS,IO_L6N_2,UNUSED,,2,,,,,,,,,
Y19,,IOBM,IO_L5P_2,UNUSED,,2,,,,,,,,,
Y20,,,CMPCS_B_2,,,,,,,,,,,,
Y21,,IOBM,IO_L1P_CCLK_2,UNUSED,,2,,,,,,,,,
Y22,,,DONE_2,,,,,,,,,,,,

# -----,-----,-----,-----,-----,-----,-----,-----,-----,-----,-----,-----,-----,-----,-----,
# 
#* Default value.
#** This default Pullup/Pulldown value can be overridden in Bitgen. 
#****** Special VCCO requirements may apply. Please consult the device 
#       family datasheet for specific guideline on VCCO requirements. 
#
#
#